tool_name,env_vars
airtable_create_records,AIRTABLE_PAT
airtable_delete_records,AIRTABLE_PAT
airtable_get_base_schema,AIRTABLE_PAT
airtable_get_record,AIRTABLE_PAT
airtable_list_bases,AIRTABLE_PAT
airtable_list_collaborators,AIRTABLE_PAT
airtable_list_records,AIRTABLE_PAT
airtable_search_records,AIRTABLE_PAT
airtable_update_records,AIRTABLE_PAT
apify_get_dataset_items,APIFY_API_TOKEN
apify_get_kv_store_record,APIFY_API_TOKEN
apify_get_run,APIFY_API_TOKEN
apify_list_actors,APIFY_API_TOKEN
apify_list_runs,APIFY_API_TOKEN
apify_run_actor,APIFY_API_TOKEN
apollo_bulk_enrich_people,APOLLO_API_KEY
apollo_enrich_company,APOLLO_API_KEY
apollo_enrich_person,APOLLO_API_KEY
apollo_get_person_activities,APOLLO_API_KEY
apollo_list_email_accounts,APOLLO_API_KEY
apollo_search_companies,APOLLO_API_KEY
apollo_search_people,APOLLO_API_KEY
apply_diff,
apply_patch,
asana_add_comment,ASANA_ACCESS_TOKEN
asana_create_subtask,ASANA_ACCESS_TOKEN
asana_create_task,ASANA_ACCESS_TOKEN
asana_get_task,ASANA_ACCESS_TOKEN
asana_list_projects,ASANA_ACCESS_TOKEN
asana_list_tasks,ASANA_ACCESS_TOKEN
asana_list_workspaces,ASANA_ACCESS_TOKEN
asana_search_tasks,ASANA_ACCESS_TOKEN
asana_update_task,ASANA_ACCESS_TOKEN
attio_list_entries_get,ATTIO_API_KEY
attio_list_entry_create,ATTIO_API_KEY
attio_list_entry_delete,ATTIO_API_KEY
attio_list_lists,ATTIO_API_KEY
attio_member_get,ATTIO_API_KEY
attio_members_list,ATTIO_API_KEY
attio_record_assert,ATTIO_API_KEY
attio_record_create,ATTIO_API_KEY
attio_record_get,ATTIO_API_KEY
attio_record_list,ATTIO_API_KEY
attio_record_update,ATTIO_API_KEY
attio_task_create,ATTIO_API_KEY
attio_task_delete,ATTIO_API_KEY
attio_task_get,ATTIO_API_KEY
attio_task_list,ATTIO_API_KEY
azure_sql_get_database,AZURE_SQL_ACCESS_TOKEN|AZURE_SUBSCRIPTION_ID
azure_sql_get_server,AZURE_SQL_ACCESS_TOKEN|AZURE_SUBSCRIPTION_ID
azure_sql_list_databases,AZURE_SQL_ACCESS_TOKEN|AZURE_SUBSCRIPTION_ID
azure_sql_list_firewall_rules,AZURE_SQL_ACCESS_TOKEN|AZURE_SUBSCRIPTION_ID
azure_sql_list_servers,AZURE_SQL_ACCESS_TOKEN|AZURE_SUBSCRIPTION_ID
brevo_create_contact,BREVO_API_KEY
brevo_delete_contact,BREVO_API_KEY
brevo_get_contact,BREVO_API_KEY
brevo_get_email_stats,BREVO_API_KEY
brevo_list_contacts,BREVO_API_KEY
brevo_list_email_campaigns,BREVO_API_KEY
brevo_send_email,BREVO_API_KEY
brevo_send_sms,BREVO_API_KEY
brevo_update_contact,BREVO_API_KEY
calcom_cancel_booking,CALCOM_API_KEY
calcom_create_booking,CALCOM_API_KEY
calcom_get_availability,CALCOM_API_KEY
calcom_get_booking,CALCOM_API_KEY
calcom_get_event_type,CALCOM_API_KEY
calcom_list_bookings,CALCOM_API_KEY
calcom_list_event_types,CALCOM_API_KEY
calcom_list_schedules,CALCOM_API_KEY
calcom_update_schedule,CALCOM_API_KEY
calendar_check_availability,GOOGLE_ACCESS_TOKEN
calendar_create_event,GOOGLE_ACCESS_TOKEN
calendar_delete_event,GOOGLE_ACCESS_TOKEN
calendar_get_calendar,GOOGLE_ACCESS_TOKEN
calendar_get_event,GOOGLE_ACCESS_TOKEN
calendar_list_calendars,GOOGLE_ACCESS_TOKEN
calendar_list_events,GOOGLE_ACCESS_TOKEN
calendar_update_event,GOOGLE_ACCESS_TOKEN
calendly_cancel_event,CALENDLY_PAT
calendly_get_current_user,CALENDLY_PAT
calendly_get_event_type,CALENDLY_PAT
calendly_get_scheduled_event,CALENDLY_PAT
calendly_list_event_types,CALENDLY_PAT
calendly_list_invitees,CALENDLY_PAT
calendly_list_scheduled_events,CALENDLY_PAT
calendly_list_webhooks,CALENDLY_PAT
cloudflare_check_domain_dns_health,CLOUDFLARE_API_TOKEN
cloudflare_create_access_policy,CLOUDFLARE_API_TOKEN
cloudflare_create_dns_record,CLOUDFLARE_API_TOKEN
cloudflare_create_firewall_rule,CLOUDFLARE_API_TOKEN
cloudflare_create_worker_route,CLOUDFLARE_API_TOKEN
cloudflare_delete_account_member,CLOUDFLARE_API_TOKEN
cloudflare_delete_dns_record,CLOUDFLARE_API_TOKEN
cloudflare_delete_firewall_rule,CLOUDFLARE_API_TOKEN
cloudflare_get_account_details,CLOUDFLARE_API_TOKEN
cloudflare_get_bot_management_settings,CLOUDFLARE_API_TOKEN
cloudflare_get_cache_analytics,CLOUDFLARE_API_TOKEN
cloudflare_get_cache_settings,CLOUDFLARE_API_TOKEN
cloudflare_get_ddos_protection_settings,CLOUDFLARE_API_TOKEN
cloudflare_get_dns_record,CLOUDFLARE_API_TOKEN
cloudflare_get_dns_settings,CLOUDFLARE_API_TOKEN
cloudflare_get_dnssec_status,CLOUDFLARE_API_TOKEN
cloudflare_get_http_analytics_report,CLOUDFLARE_API_TOKEN
cloudflare_get_http_config,CLOUDFLARE_API_TOKEN
cloudflare_get_network_settings,CLOUDFLARE_API_TOKEN
cloudflare_get_performance_analytics,CLOUDFLARE_API_TOKEN
cloudflare_get_security_analytics,CLOUDFLARE_API_TOKEN
cloudflare_get_security_settings,CLOUDFLARE_API_TOKEN
cloudflare_get_speed_settings,CLOUDFLARE_API_TOKEN
cloudflare_get_ssl_verification,CLOUDFLARE_API_TOKEN
cloudflare_get_top_analytics,CLOUDFLARE_API_TOKEN
cloudflare_get_zone,CLOUDFLARE_API_TOKEN
cloudflare_get_zone_analytics,CLOUDFLARE_API_TOKEN
cloudflare_get_zone_settings,CLOUDFLARE_API_TOKEN
cloudflare_invite_account_member,CLOUDFLARE_API_TOKEN
cloudflare_list_access_applications,CLOUDFLARE_API_TOKEN
cloudflare_list_account_members,CLOUDFLARE_API_TOKEN
cloudflare_list_accounts,CLOUDFLARE_API_TOKEN
cloudflare_list_advanced_services,CLOUDFLARE_API_TOKEN
cloudflare_list_audit_logs,CLOUDFLARE_API_TOKEN
cloudflare_list_custom_hostnames,CLOUDFLARE_API_TOKEN
cloudflare_list_dns_analytics_report,CLOUDFLARE_API_TOKEN
cloudflare_list_dns_record_scan,CLOUDFLARE_API_TOKEN
cloudflare_list_dns_records,CLOUDFLARE_API_TOKEN
cloudflare_list_firewall_events,CLOUDFLARE_API_TOKEN
cloudflare_list_firewall_rules,CLOUDFLARE_API_TOKEN
cloudflare_list_managed_transforms,CLOUDFLARE_API_TOKEN
cloudflare_list_page_rules,CLOUDFLARE_API_TOKEN
cloudflare_list_pages_projects,CLOUDFLARE_API_TOKEN
cloudflare_list_r2_buckets,CLOUDFLARE_API_TOKEN
cloudflare_list_waf_rulesets,CLOUDFLARE_API_TOKEN
cloudflare_list_zone_certificates,CLOUDFLARE_API_TOKEN
cloudflare_list_zone_custom_pages,CLOUDFLARE_API_TOKEN
cloudflare_list_zone_subscriptions,CLOUDFLARE_API_TOKEN
cloudflare_list_zones,CLOUDFLARE_API_TOKEN
cloudflare_purge_cache_all,CLOUDFLARE_API_TOKEN
cloudflare_purge_cache_files,CLOUDFLARE_API_TOKEN
cloudflare_set_ssl_mode,CLOUDFLARE_API_TOKEN
cloudflare_update_dns_record,CLOUDFLARE_API_TOKEN
cloudflare_update_zone_setting,CLOUDFLARE_API_TOKEN
cloudinary_add_tag,CLOUDINARY_API_KEY|CLOUDINARY_API_SECRET|CLOUDINARY_CLOUD_NAME
cloudinary_delete_resource,CLOUDINARY_API_KEY|CLOUDINARY_API_SECRET|CLOUDINARY_CLOUD_NAME
cloudinary_get_resource,CLOUDINARY_API_KEY|CLOUDINARY_API_SECRET|CLOUDINARY_CLOUD_NAME
cloudinary_get_usage,CLOUDINARY_API_KEY|CLOUDINARY_API_SECRET|CLOUDINARY_CLOUD_NAME
cloudinary_list_resources,CLOUDINARY_API_KEY|CLOUDINARY_API_SECRET|CLOUDINARY_CLOUD_NAME
cloudinary_rename_resource,CLOUDINARY_API_KEY|CLOUDINARY_API_SECRET|CLOUDINARY_CLOUD_NAME
cloudinary_search,CLOUDINARY_API_KEY|CLOUDINARY_API_SECRET|CLOUDINARY_CLOUD_NAME
cloudinary_upload,CLOUDINARY_API_KEY|CLOUDINARY_API_SECRET|CLOUDINARY_CLOUD_NAME
confluence_create_page,CONFLUENCE_API_TOKEN|CONFLUENCE_DOMAIN|CONFLUENCE_EMAIL
confluence_delete_page,CONFLUENCE_API_TOKEN|CONFLUENCE_DOMAIN|CONFLUENCE_EMAIL
confluence_get_page,CONFLUENCE_API_TOKEN|CONFLUENCE_DOMAIN|CONFLUENCE_EMAIL
confluence_get_page_children,CONFLUENCE_API_TOKEN|CONFLUENCE_DOMAIN|CONFLUENCE_EMAIL
confluence_list_pages,CONFLUENCE_API_TOKEN|CONFLUENCE_DOMAIN|CONFLUENCE_EMAIL
confluence_list_spaces,CONFLUENCE_API_TOKEN|CONFLUENCE_DOMAIN|CONFLUENCE_EMAIL
confluence_search,CONFLUENCE_API_TOKEN|CONFLUENCE_DOMAIN|CONFLUENCE_EMAIL
confluence_update_page,CONFLUENCE_API_TOKEN|CONFLUENCE_DOMAIN|CONFLUENCE_EMAIL
csv_append,
csv_info,
csv_read,
csv_sql,
csv_write,
databricks_get_run,DATABRICKS_TOKEN
databricks_list_clusters,DATABRICKS_TOKEN
databricks_list_jobs,DATABRICKS_TOKEN
databricks_list_workspace,DATABRICKS_TOKEN
databricks_run_job,DATABRICKS_TOKEN
databricks_sql_query,DATABRICKS_TOKEN
databricks_start_cluster,DATABRICKS_TOKEN
databricks_terminate_cluster,DATABRICKS_TOKEN
describe_dataset,BIGQUERY_PROJECT_ID|GOOGLE_APPLICATION_CREDENTIALS
discord_create_reaction,DISCORD_BOT_TOKEN
discord_delete_message,DISCORD_BOT_TOKEN
discord_get_channel,DISCORD_BOT_TOKEN
discord_get_messages,DISCORD_BOT_TOKEN
discord_list_channels,DISCORD_BOT_TOKEN
discord_list_guilds,DISCORD_BOT_TOKEN
discord_send_message,DISCORD_BOT_TOKEN
dns_security_scan,
docker_hub_delete_tag,DOCKER_HUB_TOKEN
docker_hub_get_repo,DOCKER_HUB_TOKEN
docker_hub_get_tag_detail,DOCKER_HUB_TOKEN
docker_hub_list_repos,DOCKER_HUB_TOKEN
docker_hub_list_tags,DOCKER_HUB_TOKEN
docker_hub_list_webhooks,DOCKER_HUB_TOKEN
docker_hub_search,DOCKER_HUB_TOKEN
download_paper,
duckduckgo_images,
duckduckgo_news,
duckduckgo_search,
exa_answer,EXA_API_KEY
exa_find_similar,EXA_API_KEY
exa_get_contents,EXA_API_KEY
exa_search,EXA_API_KEY
exa_search_companies,EXA_API_KEY
exa_search_news,EXA_API_KEY
exa_search_papers,EXA_API_KEY
example_tool,
excel_append,
excel_info,
excel_read,
excel_search,
excel_sheet_list,
excel_sql,
excel_write,
execute_command_tool,
freshdesk_add_ticket_reply,FRESHDESK_API_KEY|FRESHDESK_DOMAIN
freshdesk_create_contact,FRESHDESK_API_KEY|FRESHDESK_DOMAIN
freshdesk_create_ticket,FRESHDESK_API_KEY|FRESHDESK_DOMAIN
freshdesk_filter_tickets,FRESHDESK_API_KEY|FRESHDESK_DOMAIN
freshdesk_get_agent,FRESHDESK_API_KEY|FRESHDESK_DOMAIN
freshdesk_get_company,FRESHDESK_API_KEY|FRESHDESK_DOMAIN
freshdesk_get_contact,FRESHDESK_API_KEY|FRESHDESK_DOMAIN
freshdesk_get_group,FRESHDESK_API_KEY|FRESHDESK_DOMAIN
freshdesk_get_ticket,FRESHDESK_API_KEY|FRESHDESK_DOMAIN
freshdesk_list_agents,FRESHDESK_API_KEY|FRESHDESK_DOMAIN
freshdesk_list_companies,FRESHDESK_API_KEY|FRESHDESK_DOMAIN
freshdesk_list_contacts,FRESHDESK_API_KEY|FRESHDESK_DOMAIN
freshdesk_list_groups,FRESHDESK_API_KEY|FRESHDESK_DOMAIN
freshdesk_list_ticket_conversations,FRESHDESK_API_KEY|FRESHDESK_DOMAIN
freshdesk_list_tickets,FRESHDESK_API_KEY|FRESHDESK_DOMAIN
freshdesk_update_contact,FRESHDESK_API_KEY|FRESHDESK_DOMAIN
freshdesk_update_ticket,FRESHDESK_API_KEY|FRESHDESK_DOMAIN
ga_get_conversion_events,GOOGLE_APPLICATION_CREDENTIALS
ga_get_landing_pages,GOOGLE_APPLICATION_CREDENTIALS
ga_get_realtime,GOOGLE_APPLICATION_CREDENTIALS
ga_get_top_pages,GOOGLE_APPLICATION_CREDENTIALS
ga_get_traffic_sources,GOOGLE_APPLICATION_CREDENTIALS
ga_get_user_demographics,GOOGLE_APPLICATION_CREDENTIALS
ga_run_report,GOOGLE_APPLICATION_CREDENTIALS
get_account_info,
get_current_time,
github_create_issue,GITHUB_TOKEN
github_create_issue_comment,GITHUB_TOKEN
github_create_pull_request,GITHUB_TOKEN
github_create_pull_request_review,GITHUB_TOKEN
github_create_pull_request_review_comment,GITHUB_TOKEN
github_create_release,GITHUB_TOKEN
github_get_branch,GITHUB_TOKEN
github_get_issue,GITHUB_TOKEN
github_get_pull_request,GITHUB_TOKEN
github_get_repo,GITHUB_TOKEN
github_get_user_emails,GITHUB_TOKEN
github_get_user_profile,GITHUB_TOKEN
github_list_branches,GITHUB_TOKEN
github_list_commits,GITHUB_TOKEN
github_list_issue_comments,GITHUB_TOKEN
github_list_issues,GITHUB_TOKEN
github_list_pull_requests,GITHUB_TOKEN
github_list_pull_request_review_comments,GITHUB_TOKEN
github_list_pull_request_reviews,GITHUB_TOKEN
github_list_repos,GITHUB_TOKEN
github_list_stargazers,GITHUB_TOKEN
github_list_workflow_runs,GITHUB_TOKEN
github_search_code,GITHUB_TOKEN
github_search_repos,GITHUB_TOKEN
github_update_issue,GITHUB_TOKEN
gitlab_create_issue,GITLAB_TOKEN
gitlab_create_merge_request_note,GITLAB_TOKEN
gitlab_get_issue,GITLAB_TOKEN
gitlab_get_merge_request,GITLAB_TOKEN
gitlab_get_project,GITLAB_TOKEN
gitlab_list_issues,GITLAB_TOKEN
gitlab_list_merge_requests,GITLAB_TOKEN
gitlab_list_projects,GITLAB_TOKEN
gitlab_update_issue,GITLAB_TOKEN
gmail_batch_get_messages,GOOGLE_ACCESS_TOKEN
gmail_batch_modify_messages,GOOGLE_ACCESS_TOKEN
gmail_create_draft,GOOGLE_ACCESS_TOKEN
gmail_create_label,GOOGLE_ACCESS_TOKEN
gmail_get_message,GOOGLE_ACCESS_TOKEN
gmail_list_labels,GOOGLE_ACCESS_TOKEN
gmail_list_messages,GOOGLE_ACCESS_TOKEN
gmail_modify_message,GOOGLE_ACCESS_TOKEN
gmail_reply_email,GOOGLE_ACCESS_TOKEN
gmail_trash_message,GOOGLE_ACCESS_TOKEN
google_docs_add_comment,GOOGLE_ACCESS_TOKEN
google_docs_batch_update,GOOGLE_ACCESS_TOKEN
google_docs_create_document,GOOGLE_ACCESS_TOKEN
google_docs_create_list,GOOGLE_ACCESS_TOKEN
google_docs_export_content,GOOGLE_ACCESS_TOKEN
google_docs_format_text,GOOGLE_ACCESS_TOKEN
google_docs_get_document,GOOGLE_ACCESS_TOKEN
google_docs_insert_image,GOOGLE_ACCESS_TOKEN
google_docs_insert_text,GOOGLE_ACCESS_TOKEN
google_docs_list_comments,GOOGLE_ACCESS_TOKEN
google_docs_replace_all_text,GOOGLE_ACCESS_TOKEN
google_sheets_add_sheet,GOOGLE_ACCESS_TOKEN
google_sheets_append_values,GOOGLE_ACCESS_TOKEN
google_sheets_batch_clear_values,GOOGLE_ACCESS_TOKEN
google_sheets_batch_update_values,GOOGLE_ACCESS_TOKEN
google_sheets_clear_values,GOOGLE_ACCESS_TOKEN
google_sheets_create_spreadsheet,GOOGLE_ACCESS_TOKEN
google_sheets_delete_sheet,GOOGLE_ACCESS_TOKEN
google_sheets_get_spreadsheet,GOOGLE_ACCESS_TOKEN
google_sheets_get_values,GOOGLE_ACCESS_TOKEN
google_sheets_update_values,GOOGLE_ACCESS_TOKEN
greenhouse_add_candidate_note,GREENHOUSE_API_TOKEN
greenhouse_get_application,GREENHOUSE_API_TOKEN
greenhouse_get_candidate,GREENHOUSE_API_TOKEN
greenhouse_get_job,GREENHOUSE_API_TOKEN
greenhouse_list_applications,GREENHOUSE_API_TOKEN
greenhouse_list_candidates,GREENHOUSE_API_TOKEN
greenhouse_list_jobs,GREENHOUSE_API_TOKEN
greenhouse_list_offers,GREENHOUSE_API_TOKEN
greenhouse_list_scorecards,GREENHOUSE_API_TOKEN
grep_search,
gsc_delete_sitemap,GOOGLE_SEARCH_CONSOLE_TOKEN
gsc_inspect_url,GOOGLE_SEARCH_CONSOLE_TOKEN
gsc_list_sitemaps,GOOGLE_SEARCH_CONSOLE_TOKEN
gsc_list_sites,GOOGLE_SEARCH_CONSOLE_TOKEN
gsc_search_analytics,GOOGLE_SEARCH_CONSOLE_TOKEN
gsc_submit_sitemap,GOOGLE_SEARCH_CONSOLE_TOKEN
gsc_top_pages,GOOGLE_SEARCH_CONSOLE_TOKEN
gsc_top_queries,GOOGLE_SEARCH_CONSOLE_TOKEN
hashline_edit,
http_headers_scan,
hubspot_create_association,HUBSPOT_ACCESS_TOKEN
hubspot_create_company,HUBSPOT_ACCESS_TOKEN
hubspot_create_contact,HUBSPOT_ACCESS_TOKEN
hubspot_create_deal,HUBSPOT_ACCESS_TOKEN
hubspot_delete_object,HUBSPOT_ACCESS_TOKEN
hubspot_get_company,HUBSPOT_ACCESS_TOKEN
hubspot_get_contact,HUBSPOT_ACCESS_TOKEN
hubspot_get_deal,HUBSPOT_ACCESS_TOKEN
hubspot_list_associations,HUBSPOT_ACCESS_TOKEN
hubspot_search_companies,HUBSPOT_ACCESS_TOKEN
hubspot_search_contacts,HUBSPOT_ACCESS_TOKEN
hubspot_search_deals,HUBSPOT_ACCESS_TOKEN
hubspot_update_company,HUBSPOT_ACCESS_TOKEN
hubspot_update_contact,HUBSPOT_ACCESS_TOKEN
hubspot_update_deal,HUBSPOT_ACCESS_TOKEN
huggingface_get_dataset,HUGGINGFACE_TOKEN
huggingface_get_model,HUGGINGFACE_TOKEN
huggingface_list_inference_endpoints,HUGGINGFACE_TOKEN
huggingface_run_embedding,HUGGINGFACE_TOKEN
huggingface_run_inference,HUGGINGFACE_TOKEN
huggingface_search_datasets,HUGGINGFACE_TOKEN
huggingface_search_models,HUGGINGFACE_TOKEN
huggingface_search_spaces,HUGGINGFACE_TOKEN
huggingface_whoami,HUGGINGFACE_TOKEN
intercom_add_note,INTERCOM_ACCESS_TOKEN
intercom_add_tag,INTERCOM_ACCESS_TOKEN
intercom_assign_conversation,INTERCOM_ACCESS_TOKEN
intercom_close_conversation,INTERCOM_ACCESS_TOKEN
intercom_create_contact,INTERCOM_ACCESS_TOKEN
intercom_get_contact,INTERCOM_ACCESS_TOKEN
intercom_get_conversation,INTERCOM_ACCESS_TOKEN
intercom_list_conversations,INTERCOM_ACCESS_TOKEN
intercom_list_teams,INTERCOM_ACCESS_TOKEN
intercom_search_contacts,INTERCOM_ACCESS_TOKEN
intercom_search_conversations,INTERCOM_ACCESS_TOKEN
jira_add_comment,JIRA_API_TOKEN|JIRA_DOMAIN|JIRA_EMAIL
jira_create_issue,JIRA_API_TOKEN|JIRA_DOMAIN|JIRA_EMAIL
jira_get_issue,JIRA_API_TOKEN|JIRA_DOMAIN|JIRA_EMAIL
jira_get_project,JIRA_API_TOKEN|JIRA_DOMAIN|JIRA_EMAIL
jira_list_projects,JIRA_API_TOKEN|JIRA_DOMAIN|JIRA_EMAIL
jira_list_transitions,JIRA_API_TOKEN|JIRA_DOMAIN|JIRA_EMAIL
jira_search_issues,JIRA_API_TOKEN|JIRA_DOMAIN|JIRA_EMAIL
jira_transition_issue,JIRA_API_TOKEN|JIRA_DOMAIN|JIRA_EMAIL
jira_update_issue,JIRA_API_TOKEN|JIRA_DOMAIN|JIRA_EMAIL
kafka_create_topic,KAFKA_CLUSTER_ID|KAFKA_REST_URL
kafka_get_consumer_group_lag,KAFKA_CLUSTER_ID|KAFKA_REST_URL
kafka_get_topic,KAFKA_CLUSTER_ID|KAFKA_REST_URL
kafka_list_consumer_groups,KAFKA_CLUSTER_ID|KAFKA_REST_URL
kafka_list_topics,KAFKA_CLUSTER_ID|KAFKA_REST_URL
kafka_produce_message,KAFKA_CLUSTER_ID|KAFKA_REST_URL
langfuse_create_score,LANGFUSE_PUBLIC_KEY|LANGFUSE_SECRET_KEY
langfuse_get_prompt,LANGFUSE_PUBLIC_KEY|LANGFUSE_SECRET_KEY
langfuse_get_trace,LANGFUSE_PUBLIC_KEY|LANGFUSE_SECRET_KEY
langfuse_list_prompts,LANGFUSE_PUBLIC_KEY|LANGFUSE_SECRET_KEY
langfuse_list_scores,LANGFUSE_PUBLIC_KEY|LANGFUSE_SECRET_KEY
langfuse_list_traces,LANGFUSE_PUBLIC_KEY|LANGFUSE_SECRET_KEY
linear_cycles_list,LINEAR_API_KEY
linear_issue_add_comment,LINEAR_API_KEY
linear_issue_comments_list,LINEAR_API_KEY
linear_issue_create,LINEAR_API_KEY
linear_issue_delete,LINEAR_API_KEY
linear_issue_get,LINEAR_API_KEY
linear_issue_relation_create,LINEAR_API_KEY
linear_issue_search,LINEAR_API_KEY
linear_issue_update,LINEAR_API_KEY
linear_label_create,LINEAR_API_KEY
linear_labels_list,LINEAR_API_KEY
linear_project_create,LINEAR_API_KEY
linear_project_get,LINEAR_API_KEY
linear_project_list,LINEAR_API_KEY
linear_project_update,LINEAR_API_KEY
linear_team_get,LINEAR_API_KEY
linear_teams_list,LINEAR_API_KEY
linear_user_get,LINEAR_API_KEY
linear_users_list,LINEAR_API_KEY
linear_viewer,LINEAR_API_KEY
linear_workflow_states_get,LINEAR_API_KEY
list_dir,
list_files,
lusha_bulk_enrich_persons,LUSHA_API_KEY
lusha_enrich_company,LUSHA_API_KEY
lusha_enrich_person,LUSHA_API_KEY
lusha_get_technologies,LUSHA_API_KEY
lusha_get_usage,LUSHA_API_KEY
lusha_search_companies,LUSHA_API_KEY
lusha_search_contacts,LUSHA_API_KEY
lusha_search_decision_makers,LUSHA_API_KEY
maps_directions,GOOGLE_MAPS_API_KEY
maps_distance_matrix,GOOGLE_MAPS_API_KEY
maps_geocode,GOOGLE_MAPS_API_KEY
maps_place_details,GOOGLE_MAPS_API_KEY
maps_place_search,GOOGLE_MAPS_API_KEY
maps_reverse_geocode,GOOGLE_MAPS_API_KEY
mattermost_create_reaction,MATTERMOST_ACCESS_TOKEN|MATTERMOST_URL
mattermost_delete_post,MATTERMOST_ACCESS_TOKEN|MATTERMOST_URL
mattermost_get_channel,MATTERMOST_ACCESS_TOKEN|MATTERMOST_URL
mattermost_get_posts,MATTERMOST_ACCESS_TOKEN|MATTERMOST_URL
mattermost_list_channels,MATTERMOST_ACCESS_TOKEN|MATTERMOST_URL
mattermost_list_teams,MATTERMOST_ACCESS_TOKEN|MATTERMOST_URL
mattermost_send_message,MATTERMOST_ACCESS_TOKEN|MATTERMOST_URL
mongodb_aggregate,MONGODB_API_KEY|MONGODB_DATA_API_URL|MONGODB_DATA_SOURCE
mongodb_delete_one,MONGODB_API_KEY|MONGODB_DATA_API_URL|MONGODB_DATA_SOURCE
mongodb_find,MONGODB_API_KEY|MONGODB_DATA_API_URL|MONGODB_DATA_SOURCE
mongodb_find_one,MONGODB_API_KEY|MONGODB_DATA_API_URL|MONGODB_DATA_SOURCE
mongodb_insert_one,MONGODB_API_KEY|MONGODB_DATA_API_URL|MONGODB_DATA_SOURCE
mongodb_update_one,MONGODB_API_KEY|MONGODB_DATA_API_URL|MONGODB_DATA_SOURCE
n8n_activate_workflow,N8N_API_KEY|N8N_BASE_URL
n8n_deactivate_workflow,N8N_API_KEY|N8N_BASE_URL
n8n_get_execution,N8N_API_KEY|N8N_BASE_URL
n8n_get_workflow,N8N_API_KEY|N8N_BASE_URL
n8n_list_executions,N8N_API_KEY|N8N_BASE_URL
n8n_list_workflows,N8N_API_KEY|N8N_BASE_URL
news_by_company,NEWSDATA_API_KEY
news_by_source,NEWSDATA_API_KEY
news_by_topic,NEWSDATA_API_KEY
news_headlines,NEWSDATA_API_KEY
news_latest,NEWSDATA_API_KEY
news_search,NEWSDATA_API_KEY
news_sentiment,FINLIGHT_API_KEY
notion_append_blocks,NOTION_API_TOKEN
notion_create_database,NOTION_API_TOKEN
notion_create_page,NOTION_API_TOKEN
notion_delete_block,NOTION_API_TOKEN
notion_get_block,NOTION_API_TOKEN
notion_get_block_children,NOTION_API_TOKEN
notion_get_database,NOTION_API_TOKEN
notion_get_page,NOTION_API_TOKEN
notion_query_database,NOTION_API_TOKEN
notion_search,NOTION_API_TOKEN
notion_update_block,NOTION_API_TOKEN
notion_update_database,NOTION_API_TOKEN
notion_update_page,NOTION_API_TOKEN
obsidian_append_note,OBSIDIAN_REST_API_KEY
obsidian_get_active,OBSIDIAN_REST_API_KEY
obsidian_list_files,OBSIDIAN_REST_API_KEY
obsidian_read_note,OBSIDIAN_REST_API_KEY
obsidian_search,OBSIDIAN_REST_API_KEY
obsidian_write_note,OBSIDIAN_REST_API_KEY
onedrive_download_file,MICROSOFT_GRAPH_ACCESS_TOKEN
onedrive_list_files,MICROSOFT_GRAPH_ACCESS_TOKEN
onedrive_search_files,MICROSOFT_GRAPH_ACCESS_TOKEN
onedrive_upload_file,MICROSOFT_GRAPH_ACCESS_TOKEN
outlook_get_message,MICROSOFT_GRAPH_ACCESS_TOKEN
outlook_list_messages,MICROSOFT_GRAPH_ACCESS_TOKEN
outlook_send_mail,MICROSOFT_GRAPH_ACCESS_TOKEN
pagerduty_add_incident_note,PAGERDUTY_API_KEY|PAGERDUTY_FROM_EMAIL
pagerduty_create_incident,PAGERDUTY_API_KEY|PAGERDUTY_FROM_EMAIL
pagerduty_get_incident,PAGERDUTY_API_KEY
pagerduty_list_escalation_policies,PAGERDUTY_API_KEY
pagerduty_list_incidents,PAGERDUTY_API_KEY
pagerduty_list_oncalls,PAGERDUTY_API_KEY
pagerduty_list_services,PAGERDUTY_API_KEY
pagerduty_update_incident,PAGERDUTY_API_KEY|PAGERDUTY_FROM_EMAIL
patents_get_details,SERPAPI_API_KEY
patents_search,SERPAPI_API_KEY
pdf_read,
pg_describe_table,DATABASE_URL
pg_explain,DATABASE_URL
pg_get_foreign_keys,DATABASE_URL
pg_get_table_stats,DATABASE_URL
pg_list_indexes,DATABASE_URL
pg_list_schemas,DATABASE_URL
pg_list_tables,DATABASE_URL
pg_query,DATABASE_URL
pinecone_create_index,PINECONE_API_KEY
pinecone_delete_index,PINECONE_API_KEY
pinecone_delete_vectors,PINECONE_API_KEY
pinecone_describe_index,PINECONE_API_KEY
pinecone_fetch_vectors,PINECONE_API_KEY
pinecone_index_stats,PINECONE_API_KEY
pinecone_list_indexes,PINECONE_API_KEY
pinecone_query_vectors,PINECONE_API_KEY
pinecone_upsert_vectors,PINECONE_API_KEY
pipedrive_add_note,PIPEDRIVE_API_TOKEN
pipedrive_create_activity,PIPEDRIVE_API_TOKEN
pipedrive_create_deal,PIPEDRIVE_API_TOKEN
pipedrive_create_person,PIPEDRIVE_API_TOKEN
pipedrive_get_deal,PIPEDRIVE_API_TOKEN
pipedrive_list_activities,PIPEDRIVE_API_TOKEN
pipedrive_list_deals,PIPEDRIVE_API_TOKEN
pipedrive_list_organizations,PIPEDRIVE_API_TOKEN
pipedrive_list_persons,PIPEDRIVE_API_TOKEN
pipedrive_list_pipelines,PIPEDRIVE_API_TOKEN
pipedrive_list_stages,PIPEDRIVE_API_TOKEN
pipedrive_search_persons,PIPEDRIVE_API_TOKEN
pipedrive_update_deal,PIPEDRIVE_API_TOKEN
plaid_get_accounts,PLAID_CLIENT_ID|PLAID_SECRET
plaid_get_balance,PLAID_CLIENT_ID|PLAID_SECRET
plaid_get_institution,PLAID_CLIENT_ID|PLAID_SECRET
plaid_get_transactions,PLAID_CLIENT_ID|PLAID_SECRET
plaid_search_institutions,PLAID_CLIENT_ID|PLAID_SECRET
plaid_sync_transactions,PLAID_CLIENT_ID|PLAID_SECRET
port_scan,
powerbi_get_refresh_history,POWERBI_ACCESS_TOKEN
powerbi_list_datasets,POWERBI_ACCESS_TOKEN
powerbi_list_reports,POWERBI_ACCESS_TOKEN
powerbi_list_workspaces,POWERBI_ACCESS_TOKEN
powerbi_refresh_dataset,POWERBI_ACCESS_TOKEN
pushover_cancel_receipt,PUSHOVER_API_TOKEN
pushover_check_receipt,PUSHOVER_API_TOKEN
pushover_get_limits,PUSHOVER_API_TOKEN
pushover_list_sounds,PUSHOVER_API_TOKEN
pushover_send,PUSHOVER_API_TOKEN
pushover_send_glance,PUSHOVER_API_TOKEN
pushover_validate_user,PUSHOVER_API_TOKEN
query_runtime_log_details,
query_runtime_log_raw,
query_runtime_logs,
quickbooks_create_customer,QUICKBOOKS_ACCESS_TOKEN|QUICKBOOKS_REALM_ID
quickbooks_create_invoice,QUICKBOOKS_ACCESS_TOKEN|QUICKBOOKS_REALM_ID
quickbooks_create_payment,QUICKBOOKS_ACCESS_TOKEN|QUICKBOOKS_REALM_ID
quickbooks_get_company_info,QUICKBOOKS_ACCESS_TOKEN|QUICKBOOKS_REALM_ID
quickbooks_get_customer,QUICKBOOKS_ACCESS_TOKEN|QUICKBOOKS_REALM_ID
quickbooks_get_entity,QUICKBOOKS_ACCESS_TOKEN|QUICKBOOKS_REALM_ID
quickbooks_list_invoices,QUICKBOOKS_ACCESS_TOKEN|QUICKBOOKS_REALM_ID
quickbooks_query,QUICKBOOKS_ACCESS_TOKEN|QUICKBOOKS_REALM_ID
razorpay_create_payment_link,RAZORPAY_API_KEY|RAZORPAY_API_SECRET
razorpay_create_refund,RAZORPAY_API_KEY|RAZORPAY_API_SECRET
razorpay_get_invoice,RAZORPAY_API_KEY|RAZORPAY_API_SECRET
razorpay_get_payment,RAZORPAY_API_KEY|RAZORPAY_API_SECRET
razorpay_list_invoices,RAZORPAY_API_KEY|RAZORPAY_API_SECRET
razorpay_list_payments,RAZORPAY_API_KEY|RAZORPAY_API_SECRET
read_file,
reddit_get_comments,REDDIT_CLIENT_ID|REDDIT_CLIENT_SECRET
reddit_get_post_detail,REDDIT_CLIENT_ID|REDDIT_CLIENT_SECRET
reddit_get_posts,REDDIT_CLIENT_ID|REDDIT_CLIENT_SECRET
reddit_get_subreddit_info,REDDIT_CLIENT_ID|REDDIT_CLIENT_SECRET
reddit_get_user,REDDIT_CLIENT_ID|REDDIT_CLIENT_SECRET
reddit_get_user_posts,REDDIT_CLIENT_ID|REDDIT_CLIENT_SECRET
reddit_search,REDDIT_CLIENT_ID|REDDIT_CLIENT_SECRET
redis_delete,REDIS_URL
redis_get,REDIS_URL
redis_hgetall,REDIS_URL
redis_hset,REDIS_URL
redis_info,REDIS_URL
redis_keys,REDIS_URL
redis_lpush,REDIS_URL
redis_lrange,REDIS_URL
redis_publish,REDIS_URL
redis_set,REDIS_URL
redis_ttl,REDIS_URL
redshift_describe_statement,AWS_ACCESS_KEY_ID|AWS_SECRET_ACCESS_KEY
redshift_execute_sql,AWS_ACCESS_KEY_ID|AWS_SECRET_ACCESS_KEY
redshift_get_results,AWS_ACCESS_KEY_ID|AWS_SECRET_ACCESS_KEY
redshift_list_databases,AWS_ACCESS_KEY_ID|AWS_SECRET_ACCESS_KEY
redshift_list_tables,AWS_ACCESS_KEY_ID|AWS_SECRET_ACCESS_KEY
replace_file_content,
risk_score,
run_bigquery_query,BIGQUERY_PROJECT_ID|GOOGLE_APPLICATION_CREDENTIALS
s3_copy_object,AWS_ACCESS_KEY_ID|AWS_SECRET_ACCESS_KEY
s3_delete_object,AWS_ACCESS_KEY_ID|AWS_SECRET_ACCESS_KEY
s3_generate_presigned_url,AWS_ACCESS_KEY_ID|AWS_SECRET_ACCESS_KEY
s3_get_object,AWS_ACCESS_KEY_ID|AWS_SECRET_ACCESS_KEY
s3_get_object_metadata,AWS_ACCESS_KEY_ID|AWS_SECRET_ACCESS_KEY
s3_list_buckets,AWS_ACCESS_KEY_ID|AWS_SECRET_ACCESS_KEY
s3_list_objects,AWS_ACCESS_KEY_ID|AWS_SECRET_ACCESS_KEY
s3_put_object,AWS_ACCESS_KEY_ID|AWS_SECRET_ACCESS_KEY
salesforce_create_record,SALESFORCE_ACCESS_TOKEN|SALESFORCE_INSTANCE_URL
salesforce_delete_record,SALESFORCE_ACCESS_TOKEN|SALESFORCE_INSTANCE_URL
salesforce_describe_object,SALESFORCE_ACCESS_TOKEN|SALESFORCE_INSTANCE_URL
salesforce_get_record,SALESFORCE_ACCESS_TOKEN|SALESFORCE_INSTANCE_URL
salesforce_get_record_count,SALESFORCE_ACCESS_TOKEN|SALESFORCE_INSTANCE_URL
salesforce_list_objects,SALESFORCE_ACCESS_TOKEN|SALESFORCE_INSTANCE_URL
salesforce_search_records,SALESFORCE_ACCESS_TOKEN|SALESFORCE_INSTANCE_URL
salesforce_soql_query,SALESFORCE_ACCESS_TOKEN|SALESFORCE_INSTANCE_URL
salesforce_update_record,SALESFORCE_ACCESS_TOKEN|SALESFORCE_INSTANCE_URL
sap_get_purchase_order,SAP_BASE_URL|SAP_PASSWORD|SAP_USERNAME
sap_list_business_partners,SAP_BASE_URL|SAP_PASSWORD|SAP_USERNAME
sap_list_products,SAP_BASE_URL|SAP_PASSWORD|SAP_USERNAME
sap_list_purchase_orders,SAP_BASE_URL|SAP_PASSWORD|SAP_USERNAME
sap_list_sales_orders,SAP_BASE_URL|SAP_PASSWORD|SAP_USERNAME
scholar_cited_by,SERPAPI_API_KEY
scholar_get_author,SERPAPI_API_KEY
scholar_get_citations,SERPAPI_API_KEY
scholar_search,SERPAPI_API_KEY
scholar_search_profiles,SERPAPI_API_KEY
search_files,
search_papers,
search_wikipedia,
send_email,GOOGLE_ACCESS_TOKEN|RESEND_API_KEY
serpapi_google_search,SERPAPI_API_KEY
shopify_create_draft_order,SHOPIFY_ACCESS_TOKEN|SHOPIFY_STORE_NAME
shopify_get_customer,SHOPIFY_ACCESS_TOKEN|SHOPIFY_STORE_NAME
shopify_get_order,SHOPIFY_ACCESS_TOKEN|SHOPIFY_STORE_NAME
shopify_get_product,SHOPIFY_ACCESS_TOKEN|SHOPIFY_STORE_NAME
shopify_list_customers,SHOPIFY_ACCESS_TOKEN|SHOPIFY_STORE_NAME
shopify_list_orders,SHOPIFY_ACCESS_TOKEN|SHOPIFY_STORE_NAME
shopify_list_products,SHOPIFY_ACCESS_TOKEN|SHOPIFY_STORE_NAME
shopify_search_customers,SHOPIFY_ACCESS_TOKEN|SHOPIFY_STORE_NAME
shopify_update_product,SHOPIFY_ACCESS_TOKEN|SHOPIFY_STORE_NAME
slack_add_bookmark,SLACK_BOT_TOKEN
slack_add_reaction,SLACK_BOT_TOKEN
slack_archive_channel,SLACK_BOT_TOKEN
slack_create_canvas,SLACK_BOT_TOKEN
slack_create_channel,SLACK_BOT_TOKEN
slack_create_reminder,SLACK_BOT_TOKEN
slack_create_usergroup,SLACK_BOT_TOKEN
slack_delete_file,SLACK_BOT_TOKEN
slack_delete_message,SLACK_BOT_TOKEN
slack_delete_reminder,SLACK_BOT_TOKEN
slack_delete_scheduled_message,SLACK_BOT_TOKEN
slack_edit_canvas,SLACK_BOT_TOKEN
slack_find_user_by_email,SLACK_BOT_TOKEN
slack_get_channel_history,SLACK_BOT_TOKEN
slack_get_channel_info,SLACK_BOT_TOKEN
slack_get_conversation_context,SLACK_BOT_TOKEN
slack_get_file_info,SLACK_BOT_TOKEN
slack_get_messages_for_analysis,SLACK_BOT_TOKEN
slack_get_permalink,SLACK_BOT_TOKEN
slack_get_presence,SLACK_BOT_TOKEN
slack_get_team_stats,SLACK_BOT_TOKEN
slack_get_thread_replies,SLACK_BOT_TOKEN
slack_get_user_info,SLACK_BOT_TOKEN
slack_invite_to_channel,SLACK_BOT_TOKEN
slack_kick_user_from_channel,SLACK_BOT_TOKEN
slack_list_channels,SLACK_BOT_TOKEN
slack_list_emoji,SLACK_BOT_TOKEN
slack_list_files,SLACK_BOT_TOKEN
slack_list_pins,SLACK_BOT_TOKEN
slack_list_reminders,SLACK_BOT_TOKEN
slack_list_scheduled_messages,SLACK_BOT_TOKEN
slack_list_usergroups,SLACK_BOT_TOKEN
slack_list_users,SLACK_BOT_TOKEN
slack_open_modal,SLACK_BOT_TOKEN
slack_pin_message,SLACK_BOT_TOKEN
slack_post_blocks,SLACK_BOT_TOKEN
slack_remove_reaction,SLACK_BOT_TOKEN
slack_schedule_message,SLACK_BOT_TOKEN
slack_search_messages,SLACK_BOT_TOKEN
slack_send_dm,SLACK_BOT_TOKEN
slack_send_ephemeral,SLACK_BOT_TOKEN
slack_send_message,SLACK_BOT_TOKEN
slack_set_channel_topic,SLACK_BOT_TOKEN
slack_set_presence,SLACK_BOT_TOKEN
slack_set_status,SLACK_BOT_TOKEN
slack_trigger_workflow,SLACK_BOT_TOKEN
slack_unpin_message,SLACK_BOT_TOKEN
slack_update_home_tab,SLACK_BOT_TOKEN
slack_update_message,SLACK_BOT_TOKEN
slack_update_usergroup_members,SLACK_BOT_TOKEN
slack_upload_file,SLACK_BOT_TOKEN
snowflake_cancel_statement,SNOWFLAKE_ACCOUNT|SNOWFLAKE_TOKEN
snowflake_execute_sql,SNOWFLAKE_ACCOUNT|SNOWFLAKE_TOKEN
snowflake_get_statement_status,SNOWFLAKE_ACCOUNT|SNOWFLAKE_TOKEN
ssl_tls_scan,
stripe_cancel_payment_intent,STRIPE_API_KEY
stripe_cancel_subscription,STRIPE_API_KEY
stripe_capture_charge,STRIPE_API_KEY
stripe_confirm_payment_intent,STRIPE_API_KEY
stripe_create_checkout_session,STRIPE_API_KEY
stripe_create_coupon,STRIPE_API_KEY
stripe_create_customer,STRIPE_API_KEY
stripe_create_invoice,STRIPE_API_KEY
stripe_create_invoice_item,STRIPE_API_KEY
stripe_create_payment_intent,STRIPE_API_KEY
stripe_create_payment_link,STRIPE_API_KEY
stripe_create_price,STRIPE_API_KEY
stripe_create_product,STRIPE_API_KEY
stripe_create_refund,STRIPE_API_KEY
stripe_create_subscription,STRIPE_API_KEY
stripe_delete_coupon,STRIPE_API_KEY
stripe_delete_invoice_item,STRIPE_API_KEY
stripe_detach_payment_method,STRIPE_API_KEY
stripe_finalize_invoice,STRIPE_API_KEY
stripe_get_balance,STRIPE_API_KEY
stripe_get_charge,STRIPE_API_KEY
stripe_get_customer,STRIPE_API_KEY
stripe_get_customer_by_email,STRIPE_API_KEY
stripe_get_invoice,STRIPE_API_KEY
stripe_get_payment_intent,STRIPE_API_KEY
stripe_get_payment_link,STRIPE_API_KEY
stripe_get_payment_method,STRIPE_API_KEY
stripe_get_price,STRIPE_API_KEY
stripe_get_product,STRIPE_API_KEY
stripe_get_refund,STRIPE_API_KEY
stripe_get_subscription,STRIPE_API_KEY
stripe_get_subscription_status,STRIPE_API_KEY
stripe_list_balance_transactions,STRIPE_API_KEY
stripe_list_charges,STRIPE_API_KEY
stripe_list_coupons,STRIPE_API_KEY
stripe_list_customers,STRIPE_API_KEY
stripe_list_disputes,STRIPE_API_KEY
stripe_list_events,STRIPE_API_KEY
stripe_list_invoice_items,STRIPE_API_KEY
stripe_list_invoices,STRIPE_API_KEY
stripe_list_payment_intents,STRIPE_API_KEY
stripe_list_payment_links,STRIPE_API_KEY
stripe_list_payment_methods,STRIPE_API_KEY
stripe_list_prices,STRIPE_API_KEY
stripe_list_products,STRIPE_API_KEY
stripe_list_refunds,STRIPE_API_KEY
stripe_list_subscriptions,STRIPE_API_KEY
stripe_list_webhook_endpoints,STRIPE_API_KEY
stripe_pay_invoice,STRIPE_API_KEY
stripe_update_customer,STRIPE_API_KEY
stripe_update_price,STRIPE_API_KEY
stripe_update_product,STRIPE_API_KEY
stripe_update_subscription,STRIPE_API_KEY
stripe_void_invoice,STRIPE_API_KEY
subdomain_enumerate,
supabase_auth_signin,SUPABASE_ANON_KEY
supabase_auth_signup,SUPABASE_ANON_KEY
supabase_delete,SUPABASE_ANON_KEY
supabase_edge_invoke,SUPABASE_ANON_KEY
supabase_insert,SUPABASE_ANON_KEY
supabase_select,SUPABASE_ANON_KEY
supabase_update,SUPABASE_ANON_KEY
teams_get_channel_messages,MICROSOFT_GRAPH_ACCESS_TOKEN
teams_list_channels,MICROSOFT_GRAPH_ACCESS_TOKEN
teams_list_teams,MICROSOFT_GRAPH_ACCESS_TOKEN
teams_send_channel_message,MICROSOFT_GRAPH_ACCESS_TOKEN
tech_stack_detect,
telegram_delete_message,TELEGRAM_BOT_TOKEN
telegram_edit_message,TELEGRAM_BOT_TOKEN
telegram_forward_message,TELEGRAM_BOT_TOKEN
telegram_get_chat,TELEGRAM_BOT_TOKEN
telegram_get_chat_member_count,TELEGRAM_BOT_TOKEN
telegram_pin_message,TELEGRAM_BOT_TOKEN
telegram_send_chat_action,TELEGRAM_BOT_TOKEN
telegram_send_document,TELEGRAM_BOT_TOKEN
telegram_send_message,TELEGRAM_BOT_TOKEN
telegram_send_photo,TELEGRAM_BOT_TOKEN
telegram_send_video,TELEGRAM_BOT_TOKEN
telegram_set_chat_description,TELEGRAM_BOT_TOKEN
telegram_unpin_message,TELEGRAM_BOT_TOKEN
terraform_create_run,TFC_TOKEN
terraform_get_run,TFC_TOKEN
terraform_get_workspace,TFC_TOKEN
terraform_list_runs,TFC_TOKEN
terraform_list_workspaces,TFC_TOKEN
tines_get_action,TINES_API_KEY|TINES_DOMAIN
tines_get_action_logs,TINES_API_KEY|TINES_DOMAIN
tines_get_story,TINES_API_KEY|TINES_DOMAIN
tines_list_actions,TINES_API_KEY|TINES_DOMAIN
tines_list_stories,TINES_API_KEY|TINES_DOMAIN
trello_add_attachment,TRELLO_API_KEY|TRELLO_API_TOKEN
trello_add_comment,TRELLO_API_KEY|TRELLO_API_TOKEN
trello_create_card,TRELLO_API_KEY|TRELLO_API_TOKEN
trello_create_list,TRELLO_API_KEY|TRELLO_API_TOKEN
trello_get_card,TRELLO_API_KEY|TRELLO_API_TOKEN
trello_get_member,TRELLO_API_KEY|TRELLO_API_TOKEN
trello_list_boards,TRELLO_API_KEY|TRELLO_API_TOKEN
trello_list_cards,TRELLO_API_KEY|TRELLO_API_TOKEN
trello_list_lists,TRELLO_API_KEY|TRELLO_API_TOKEN
trello_move_card,TRELLO_API_KEY|TRELLO_API_TOKEN
trello_search_cards,TRELLO_API_KEY|TRELLO_API_TOKEN
trello_update_card,TRELLO_API_KEY|TRELLO_API_TOKEN
twilio_delete_message,TWILIO_ACCOUNT_SID|TWILIO_AUTH_TOKEN
twilio_get_message,TWILIO_ACCOUNT_SID|TWILIO_AUTH_TOKEN
twilio_list_calls,TWILIO_ACCOUNT_SID|TWILIO_AUTH_TOKEN
twilio_list_messages,TWILIO_ACCOUNT_SID|TWILIO_AUTH_TOKEN
twilio_list_phone_numbers,TWILIO_ACCOUNT_SID|TWILIO_AUTH_TOKEN
twilio_send_sms,TWILIO_ACCOUNT_SID|TWILIO_AUTH_TOKEN
twilio_send_whatsapp,TWILIO_ACCOUNT_SID|TWILIO_AUTH_TOKEN
twitter_get_list_tweets,X_BEARER_TOKEN
twitter_get_tweet,X_BEARER_TOKEN
twitter_get_tweet_replies,X_BEARER_TOKEN
twitter_get_user,X_BEARER_TOKEN
twitter_get_user_followers,X_BEARER_TOKEN
twitter_get_user_tweets,X_BEARER_TOKEN
twitter_search_tweets,X_BEARER_TOKEN
vercel_create_env_var,VERCEL_TOKEN
vercel_get_deployment,VERCEL_TOKEN
vercel_get_project,VERCEL_TOKEN
vercel_list_deployments,VERCEL_TOKEN
vercel_list_env_vars,VERCEL_TOKEN
vercel_list_project_domains,VERCEL_TOKEN
vercel_list_projects,VERCEL_TOKEN
vision_detect_faces,GOOGLE_CLOUD_VISION_API_KEY
vision_detect_labels,GOOGLE_CLOUD_VISION_API_KEY
vision_detect_landmarks,GOOGLE_CLOUD_VISION_API_KEY
vision_detect_logos,GOOGLE_CLOUD_VISION_API_KEY
vision_detect_text,GOOGLE_CLOUD_VISION_API_KEY
vision_image_properties,GOOGLE_CLOUD_VISION_API_KEY
vision_localize_objects,GOOGLE_CLOUD_VISION_API_KEY
vision_safe_search,GOOGLE_CLOUD_VISION_API_KEY
vision_web_detection,GOOGLE_CLOUD_VISION_API_KEY
web_scrape,
web_search,BRAVE_SEARCH_API_KEY
write_file,
yahoo_finance_financials,
yahoo_finance_history,
yahoo_finance_info,
yahoo_finance_quote,
yahoo_finance_search,
youtube_get_channel,YOUTUBE_API_KEY
youtube_get_playlist,YOUTUBE_API_KEY
youtube_get_transcript,
youtube_get_video_categories,YOUTUBE_API_KEY
youtube_get_video_comments,YOUTUBE_API_KEY
youtube_get_video_details,YOUTUBE_API_KEY
youtube_list_channel_videos,YOUTUBE_API_KEY
youtube_list_transcripts,
youtube_search_channels,YOUTUBE_API_KEY
youtube_search_videos,YOUTUBE_API_KEY
zendesk_add_ticket_comment,ZENDESK_API_TOKEN|ZENDESK_EMAIL|ZENDESK_SUBDOMAIN
zendesk_create_ticket,ZENDESK_API_TOKEN|ZENDESK_EMAIL|ZENDESK_SUBDOMAIN
zendesk_get_ticket,ZENDESK_API_TOKEN|ZENDESK_EMAIL|ZENDESK_SUBDOMAIN
zendesk_get_ticket_comments,ZENDESK_API_TOKEN|ZENDESK_EMAIL|ZENDESK_SUBDOMAIN
zendesk_list_tickets,ZENDESK_API_TOKEN|ZENDESK_EMAIL|ZENDESK_SUBDOMAIN
zendesk_list_users,ZENDESK_API_TOKEN|ZENDESK_EMAIL|ZENDESK_SUBDOMAIN
zendesk_search_tickets,ZENDESK_API_TOKEN|ZENDESK_EMAIL|ZENDESK_SUBDOMAIN
zendesk_update_ticket,ZENDESK_API_TOKEN|ZENDESK_EMAIL|ZENDESK_SUBDOMAIN
zoho_crm_add_note,ZOHO_CRM_ACCESS_TOKEN
zoho_crm_create_record,ZOHO_CRM_ACCESS_TOKEN
zoho_crm_get_record,ZOHO_CRM_ACCESS_TOKEN
zoho_crm_list_modules,ZOHO_CRM_ACCESS_TOKEN
zoho_crm_list_records,ZOHO_CRM_ACCESS_TOKEN
zoho_crm_search_records,ZOHO_CRM_ACCESS_TOKEN
zoom_create_meeting,ZOOM_ACCESS_TOKEN
zoom_delete_meeting,ZOOM_ACCESS_TOKEN
zoom_get_meeting,ZOOM_ACCESS_TOKEN
zoom_get_user,ZOOM_ACCESS_TOKEN
zoom_list_meeting_participants,ZOOM_ACCESS_TOKEN
zoom_list_meeting_registrants,ZOOM_ACCESS_TOKEN
zoom_list_meetings,ZOOM_ACCESS_TOKEN
zoom_list_recordings,ZOOM_ACCESS_TOKEN
zoom_update_meeting,ZOOM_ACCESS_TOKEN
